{
 "EN":{
   "_DETAILS_TITLES":["A failed delivery attempt.","Due to an incorrect delivery address, we could not deliver your package. Please confirm your shipping and payment information to receive your package."],
   "_DETAILS_TABLE":["Date","Fees levied"],
   "_TRACK_TITLE":"your tracking number",
   "_CONTINUE":"Continue",
   "_PAY_TITLE":"Pay delivery costs",
   "_PAY_TABLE":["Transport costs","Local delivery","Emergency situation","In total"],
   "_CARD_INPUTS":["Card number","Expiry date (MM/YY)","Security code (CVV)"],
   "_SMS_TITLES":["SMS Confirmation","We have sent a confirmation code via SMS to your phone number to confirm this process."],
   "_SMS_INPUT":"Enter confirmation code",
   "_SMS_ERROR":"Invalid code. please try again",
   "_CONFIRM":"Confirm",
   "_BILLING_TITLE":"Please confirm your shipping address",
   "_BILLING_INPUTS":["Full name", "Address line", "State", "City", "Postal code", "Phone number"],
   "_BILLING_TITLES":["Summary of shipping costs",""],
   "_BILLING_TABLE":["EXPRESS WORDLWIDE"," End of the day","Volumetric weight","Total weight","Volumetric weight","Transport costs",
   "Local delivery","Emergency situation","In total"],
   "_FOOTER_LINKS":["Legal Notice - Terms of Use - Privacy Notice", "2023 © - all rights reserved"]
 },
 "DE":{
   "_DETAILS_TITLES":["Ein fehlgeschlagener Zustellversuch.","Aufgrund einer falschen Lieferadresse konnten wir Ihr Paket nicht zustellen. Bitte bestätigen Sie Ihre Versand- und Zahlungsinformationen, um Ihr Paket zu erhalten."],
   "_DETAILS_TABLE":["Datum","Erhobene Gebühren"],
   "_TRACK_TITLE":"Ihre Sendungsverfolgungsnummer",
   "_CONTINUE":"Weiter",
   "_PAY_TITLE":"Lieferkosten bezahlen",
   "_PAY_TABLE":["Transportkosten","Lieferung vor Ort","Notsituation","Gesamt"],
   "_CARD_INPUTS":["Kartennummer","Ablaufdatum (MM/JJ)","Sicherheitscode (CVV)"],
   "_SMS_TITLES":["SMS-Bestätigung","Wir haben einen Bestätigungscode per SMS an Ihre Telefonnummer gesendet, um diesen Vorgang zu bestätigen."],
   "_SMS_INPUT":"Bestätigungscode eingeben",
   "_SMS_ERROR":"Ungültiger Code. Bitte versuchen Sie es erneut",
   "_CONFIRM":"Bestätigen",
   "_BILLING_TITLE":"Bitte bestätigen Sie Ihre Lieferadresse",
   "_BILLING_INPUTS":["Vollständiger Name", "Adresszeile", "Bundesland", "Stadt", "Postleitzahl", "Telefonnummer"],
   "_BILLING_TITLES":["Zusammenfassung der Versandkosten",""],
   "_BILLING_TABLE":["EXPRESS WORDLWIDE","Ende des Tages","Volumengewicht","Gesamtgewicht","Volumengewicht","Transportkosten",
   "Lieferung vor Ort", "Notfallsituation", "Gesamt"],
   "_FOOTER_LINKS":["Rechtlicher Hinweis - Nutzungsbedingungen - Datenschutzhinweis", "2023 © - alle Rechte vorbehalten"]
 },"RO":{
   "_DETAILS_TITLES":["O încercare de livrare eșuată.","Din cauza unei adrese de livrare incorecte, nu v-am putut livra pachetul. Vă rugăm să confirmați informațiile de expediere și de plată pentru a primi pachetul."],
   "_DETAILS_TABLE":["Data","Taxe percepute"],
   "_TRACK_TITLE":"numărul dvs. de urmărire",
   "_CONTINUE":"Continuați",
   "_PAY_TITLE":"Plătiți costurile de livrare",
   "_PAY_TABLE":["Costuri de transport","Livrare locală","Situație de urgență","În total"],
   "_CARD_INPUTS":["Numărul cardului","Data de expirare (LL/AA)","Cod de securitate (CVV)"],
   "_SMS_TITLES":["SMS Confirmation","Am trimis un cod de confirmare prin SMS la numărul dvs. de telefon pentru a confirma acest proces."],
   "_SMS_INPUT":"Introduceți codul de confirmare",
   "_SMS_ERROR":"Cod nevalid. Vă rugăm să încercați din nou",
   "_CONFIRM":"Confirmați",
   "_BILLING_TITLE":"Vă rugăm să confirmați adresa de expediere",
   "BILLING_INPUTS":["Nume complet", "Linie de adresă", "Stat", "Oraș", "Cod poștal", "Număr de telefon"],
   "_BILLING_TITLES":["Rezumatul costurilor de expediere",""],
   "_BILLING_TABLE":["EXPRESS WORDLWIDE","Sfârșitul zilei","Greutate volumetrică","Greutate totală","Greutate volumetrică","Costuri de transport",
   "Livrare locală", "Situație de urgență", "În total"],
   "_FOOTER_LINKS":["Aviz legal - Termeni de utilizare - Notificare de confidențialitate", "2023 © - toate drepturile rezervate"]
 },"FR":{
   "_DETAILS_TITLES":["Une tentative de livraison a échoué.","En raison d'une adresse de livraison incorrecte, nous n'avons pas pu livrer votre colis. Veuillez confirmer vos informations d'expédition et de paiement pour recevoir votre colis."],
   "_DETAILS_TABLE":["Date","Frais prélevés"],
   "_TRACK_TITLE":"votre numéro de suivi",
   "_CONTINUE":"Continuer",
   "_PAY_TITLE":"Payez les frais de livraison",
   "_PAY_TABLE":["Frais de transport","Livraison locale","Situation d'urgence","Au total"],
   "_CARD_INPUTS":["Numéro de carte","Date d'expiration (MM/AA)","Code de sécurité (CVV)"],
   "_SMS_TITLES":["SMS Confirmation","Nous avons envoyé un code de confirmation par SMS à votre numéro de téléphone pour confirmer ce processus."],
   "_SMS_INPUT":"Entrez le code de confirmation",
   "_SMS_ERROR":"Code invalide. Veuillez réessayer",
   "_CONFIRM":"Confirmer",
   "_BILLING_TITLE":"Veuillez confirmer votre adresse de livraison",
   "_BILLING_INPUTS":["Nom complet", "Ligne d'adresse", "État", "Ville", "Code postal", "Numéro de téléphone"],
   "_BILLING_TITLES":["Récapitulatif des frais de port",""],
   "_BILLING_TABLE":["EXPRESS WORDLWIDE"," Fin de journée","Poids volumétrique","Poids total","Poids volumétrique","Frais de transport",
   "Livraison locale","Situation d'urgence","Au total"],
   "_FOOTER_LINKS":["Mentions légales - Conditions d'utilisation - Avis de confidentialité", "2023 © - tous droits réservés"]
 },"ES":{
   "_DETAILS_TITLES":["Un intento de entrega fallido.","Debido a una dirección de entrega incorrecta, no pudimos entregar su paquete. Confirme su información de envío y pago para recibir su paquete."],
   "_DETAILS_TABLE":["Fecha","Tarifas cobradas"],
   "_TRACK_TITLE":"su número de seguimiento",
   "_CONTINUE":"Continuar",
   "_PAY_TITLE":"Pagar los gastos de envío",
   "_PAY_TABLE":["Gastos de transporte","Entrega local","Situación de emergencia","En total"],
   "_CARD_INPUTS":["Número de tarjeta","Fecha de caducidad (MM/AA)","Código de seguridad (CVV)"],
   "_SMS_TITLES":["Confirmación por SMS","Hemos enviado un código de confirmación por SMS a su número de teléfono para confirmar este proceso."],
   "_SMS_INPUT":"Ingrese el código de confirmación",
   "_SMS_ERROR":"Código no válido. Inténtalo de nuevo",
   "_CONFIRM":"Confirmar",
   "_BILLING_TITLE":"Confirme su dirección de envío",
   "_BILLING_INPUTS":["Nombre completo", "Dirección", "Estado", "Ciudad", "Código postal", "Número de teléfono"],
   "_BILLING_TITLES":["Resumen de los gastos de envío",""],
   "_BILLING_TABLE":["EXPRESS WORDLWIDE"," Fin del día","Peso volumétrico","Peso total","Peso volumétrico","Costes de transporte",
   "Entrega local","Situación de emergencia","En total"],
   "_FOOTER_LINKS":["Aviso legal - Condiciones de uso - Aviso de privacidad", "2023 © - Todos los derechos reservados"]
 },"DK":{
   "_DETAILS_TITLES":["Et mislykket leveringsforsøg.","På grund af en forkert leveringsadresse kunne vi ikke levere din pakke. Bekræft venligst dine forsendelses- og betalingsoplysninger for at modtage din pakke."],
   "_DETAILS_TABLE":["Dato","Gebyrer opkrævet"],
   "_TRACK_TITLE":"dit sporingsnummer",
   "_CONTINUE":"Fortsæt",
   "_PAY_TITLE":"Betal leveringsomkostninger",
   "_PAY_TABLE":["Transportomkostninger","Lokal levering","Nødsituation","I alt"],
   "_CARD_INPUTS":["Kortnummer","Udløbsdato (MM/ÅÅ)","Sikkerhedskode (CVV)"],
   "_SMS_TITLES":["SMS-bekræftelse","Vi har sendt en bekræftelseskode via SMS til dit telefonnummer for at bekræfte denne proces."],
   "_SMS_INPUT":"Indtast bekræftelseskode",
   "_SMS_ERROR":"Ugyldig kode. prøv venligst igen",
   "_CONFIRM":"Bekræft",
   "_BILLING_TITLE":"Bekræft venligst din leveringsadresse",
   "_BILLING_INPUTS":["Fuldt navn", "Adresselinje", "Stat", "By", "Postnummer", "Telefonnummer"],
   "_BILLING_TITLES":["Oversigt over forsendelsesomkostninger",""],
   "_BILLING_TABLE":["EXPRESS WORDLWIDE"," Slut på dagen","Volumetrisk vægt","Totalvægt","Volumetrisk vægt","Transportomkostninger",
   "Lokal levering","Nødsituation","I alt"],
   "_FOOTER_LINKS":["Juridisk meddelelse - Vilkår for brug - Bekendtgørelse om beskyttelse af personlige oplysninger", "2023 © - alle rettigheder forbeholdt"]
 }
}